NAMA BISNIS,LOKASI TARGET,RATING & REVIEW,WEBSITE,WHATSAPP/TELEPON,LINK GOOGLE MAPS
Payung Madinah Tour - Head Of Office Jakarta,Jakarta,"4,9 bintang ",https://www.payungmadinah.id/,0889-0110-8538,https://www.google.com/maps/place/Payung+Madinah+Tour+-+Head+Of+Office+Jakarta/data=!4m7!3m6!1s0x2e69f538c1a1c91d:0x53c2e7672bc8ed8!8m2!3d-6.2195345!4d106.8330945!16s%2Fg%2F11lp1pm26j!19sChIJHcmhwTj1aS4R2I68cnYuPAU?authuser=0&hl=id&rclk=1
Khazzanah Tours & Travel,Jakarta,"4,8 bintang ",http://www.khazzanahtours.com/,(0263) 515566,https://www.google.com/maps/place/Khazzanah+Tours+%26+Travel/data=!4m7!3m6!1s0x2e69f3090fcb9865:0xad8703099bda19c!8m2!3d-6.2433142!4d106.8685344!16s%2Fg%2F11dzv5z0tv!19sChIJZZjLDwnzaS4RnKG9mTBw2Ao?authuser=0&hl=id&rclk=1
PT Dream Tours & Travel,Jakarta,"4,9 bintang ",http://dreamtour.co/,0811-9333-000,https://www.google.com/maps/place/PT+Dream+Tours+%26+Travel/data=!4m7!3m6!1s0x2e69f4661cf87789:0x7d1183faf37c685c!8m2!3d-6.2001621!4d106.853428!16s%2Fg%2F11bx5pdb_h!19sChIJiXf4HGb0aS4RXGh88_qDEX0?authuser=0&hl=id&rclk=1
Smarts Umrah by DREAM GROUP (Travel Haji & Umrah),Jakarta,"4,9 bintang ",http://smartsumrah.com/,0817-5033-000,https://www.google.com/maps/place/Smarts+Umrah+by+DREAM+GROUP+%28Travel+Haji+%26+Umrah%29/data=!4m7!3m6!1s0x2e69f7a1472530a3:0x3c33bb4ad98cb83e!8m2!3d-6.224394!4d106.841848!16s%2Fg%2F11gtcwm8wr!19sChIJozAlR6H3aS4RPriM2Uq7Mzw?authuser=0&hl=id&rclk=1
Azza.ID Travel & Tours,Jakarta,"4,9 bintang ",TIDAK ADA WEBSITE,0817-7088-8089,https://www.google.com/maps/place/Azza.ID+Travel+%26+Tours/data=!4m7!3m6!1s0x2e69f3d35959a46b:0x80a42697c60d4278!8m2!3d-6.2220799!4d106.8328719!16s%2Fg%2F11vb7cp4n4!19sChIJa6RZWdPzaS4ReEINxpcmpIA?authuser=0&hl=id&rclk=1
Alsha Tours & Travel | Travel Umroh Akreditasi A,Jakarta,"4,8 bintang ",https://www.alshatravel.com/,(021) 87787274,https://www.google.com/maps/place/Alsha+Tours+%26+Travel+%7C+Travel+Umroh+Akreditasi+A/data=!4m7!3m6!1s0x2e69f23d5e21b489:0x12b4228a8a19f6df!8m2!3d-6.2818613!4d106.8552863!16s%2Fg%2F11bcdb5g06!19sChIJibQhXj3yaS4R3_YZiooitBI?authuser=0&hl=id&rclk=1
Travel Umroh & Haji Terdekat di Bogor - Alifah Tour,Bogor,"5,0 bintang ",https://www.alifahtourbogor.com/,Tidak ada telepon,https://www.google.com/maps/place/Travel+Umroh+%26+Haji+Terdekat+di+Bogor+-+Alifah+Tour/data=!4m7!3m6!1s0x2e69c593719a2a7d:0x5aaf6c4a30d2d0f5!8m2!3d-6.569693!4d106.8127272!16s%2Fg%2F11twqvg1jh!19sChIJfSqacZPFaS4R9dDSMEpsr1o?authuser=0&hl=id&rclk=1
NIAT UMROH KANTOR PUSAT BOGOR,Bogor,"5,0 bintang ",https://www.niatumroh.co.id/,0878-7479-0443,https://www.google.com/maps/place/NIAT+UMROH+KANTOR+PUSAT+BOGOR/data=!4m7!3m6!1s0x2e69c557a62b08c3:0x1e65c0cbc0cc7ef8!8m2!3d-6.5648766!4d106.8093931!16s%2Fg%2F11gr3ds9hr!19sChIJwwgrplfFaS4R-H7MwMvAZR4?authuser=0&hl=id&rclk=1
Travel Umroh dan Haji Terdekat di Bogor | Travel Umroh Bogor | Retali Bogor | Retali Mustajab Travel,Bogor,"5,0 bintang ",http://retali-bogor.com/,0811-120-182,https://www.google.com/maps/place/Travel+Umroh+dan+Haji+Terdekat+di+Bogor+%7C+Travel+Umroh+Bogor+%7C+Retali+Bogor+%7C+Retali+Mustajab+Travel/data=!4m7!3m6!1s0x2e69c3ac7ce89bc1:0xef278be5b2d2b44!8m2!3d-6.5416257!4d106.7861761!16s%2Fg%2F11t4wpw3ps!19sChIJwZvofKzDaS4RRCstW7548g4?authuser=0&hl=id&rclk=1
AFI TOUR,Bogor,"4,7 bintang ",https://umrohhaji-afitour.com/,0813-9019-1281,https://www.google.com/maps/place/AFI+TOUR/data=!4m7!3m6!1s0x2e69c41c7bc9f743:0xe1004e2630dda588!8m2!3d-6.2894513!4d106.7952172!16s%2Fg%2F11rrz62gj!19sChIJQ_fJexzEaS4RiKXdMCZOAOE?authuser=0&hl=id&rclk=1
PT.Madinah Iman Wisata travel haji & umroh di Bogor,Bogor,"4,9 bintang ",https://rumahumrohbogor.com/,0812-9913-6667,https://www.google.com/maps/place/PT.Madinah+Iman+Wisata+travel+haji+%26+umroh+di+Bogor/data=!4m7!3m6!1s0x2e69c5bfb12d2d13:0x54d85f9d36222e32!8m2!3d-6.6061869!4d106.7918758!16s%2Fg%2F11g6ml2rwd!19sChIJEy0tsb_FaS4RMi4iNp1f2FQ?authuser=0&hl=id&rclk=1
PT. ANEKA INDO WISATA,Bogor,"4,3 bintang ",TIDAK ADA WEBSITE,(021) 87793837,https://www.google.com/maps/place/PT.+ANEKA+INDO+WISATA/data=!4m7!3m6!1s0x2e69f2820e987fb7:0xb0a540a082b7de66!8m2!3d-6.2955911!4d106.8721361!16s%2Fg%2F11c1wksw7v!19sChIJt3-YDoLyaS4RZt63gqBApbA?authuser=0&hl=id&rclk=1
PT. Inti Ummul Quro,Depok,"4,9 bintang ",https://hajiumrahummulquro.wixsite.com/ummu-l-quro,(021) 78890753,https://www.google.com/maps/place/PT.+Inti+Ummul+Quro/data=!4m7!3m6!1s0x2e69eea1237d9739:0x99607b50368abade!8m2!3d-6.3647269!4d106.8142657!16s%2Fg%2F1q67q32rm!19sChIJOZd9I6HuaS4R3rqKNlB7YJk?authuser=0&hl=id&rclk=1
Toyib Travel | Travel Haji dan Umroh Terbaik,Depok,"4,9 bintang ",https://toyibtravel.co.id/,(021) 77825110,https://www.google.com/maps/place/Toyib+Travel+%7C+Travel+Haji+dan+Umroh+Terbaik/data=!4m7!3m6!1s0x2e69eb9635a7d2df:0xd245b82afe6031e8!8m2!3d-6.4092123!4d106.8509783!16s%2Fg%2F11by_k68xx!19sChIJ39KnNZbraS4R6DFg_iq4RdI?authuser=0&hl=id&rclk=1
Almira Travel Cabang Depok - Travel Haji ONH Plus - PT. Almira Berkah Abadi,Depok,"5,0 bintang ",TIDAK ADA WEBSITE,0811-9002-9723,https://www.google.com/maps/place/Almira+Travel+Cabang+Depok+-+Travel+Haji+ONH+Plus+-+PT.+Almira+Berkah+Abadi/data=!4m7!3m6!1s0x2e69ef7e3f6b5e6b:0x29531b8205faf236!8m2!3d-6.3806454!4d106.7467331!16s%2Fg%2F11z1vwzpx1!19sChIJa15rP37vaS4RNvL6BYIbUyk?authuser=0&hl=id&rclk=1
Hana Tours & Travel | Travel Umroh Akreditasi A,Depok,"4,7 bintang ",https://hanahajiumroh.com/,(021) 77802990,https://www.google.com/maps/place/Hana+Tours+%26+Travel+%7C+Travel+Umroh+Akreditasi+A/data=!4m7!3m6!1s0x2e69ede1bd8715bf:0x45f88cbe8f76a3d7!8m2!3d-6.3786905!4d106.8315532!16s%2Fg%2F11f63r9c8m!19sChIJvxWHveHtaS4R16N2j76M-EU?authuser=0&hl=id&rclk=1
PT Ventura Semesta Wisata (Ventour),Depok,"4,9 bintang ",http://www.ventour.co.id/,(021) 7717785,https://www.google.com/maps/place/PT+Ventura+Semesta+Wisata+%28Ventour%29/data=!4m7!3m6!1s0x2e69ebf482b94f85:0x295f753f095919f4!8m2!3d-6.3843067!4d106.8404261!16s%2Fg%2F11fy90vq3z!19sChIJhU-5gvTraS4R9BlZCT91Xyk?authuser=0&hl=id&rclk=1
Go Kabah Travel Umrah,Depok,"5,0 bintang ",TIDAK ADA WEBSITE,0818-0282-8883,https://www.google.com/maps/place/Go+Kabah+Travel+Umrah/data=!4m7!3m6!1s0x2e69e9774f159c55:0x26bf123b1e6d8747!8m2!3d-6.3982418!4d106.8137322!16s%2Fg%2F11ykvnxc8c!19sChIJVZwVT3fpaS4RR4dtHjsSvyY?authuser=0&hl=id&rclk=1
SIMPLY TRAVEL,Tangerang,"4,9 bintang ",http://simplytravel.co.id/,0812-9272-1157,https://www.google.com/maps/place/SIMPLY+TRAVEL/data=!4m7!3m6!1s0x2e69ff3f8919e21b:0xe48f5e296c0c9135!8m2!3d-6.2194629!4d106.6143697!16s%2Fg%2F11k9h7p0hx!19sChIJG-IZiT__aS4RNZEMbClej-Q?authuser=0&hl=id&rclk=1
Alifah Tour Tangerang Kota,Tangerang,"5,0 bintang ",https://linktr.ee/www.daniekcollection.com,0813-8825-3880,https://www.google.com/maps/place/Alifah+Tour+Tangerang+Kota/data=!4m7!3m6!1s0x2e69ff001c2aae75:0xa4d5787d93d82de9!8m2!3d-6.1888331!4d106.5911447!16s%2Fg%2F11y8vxfp39!19sChIJda4qHAD_aS4R6S3Yk3141aQ?authuser=0&hl=id&rclk=1
Samira Travel PT SAMIRA ALIWISATA,Tangerang,"4,9 bintang ",TIDAK ADA WEBSITE,0852-1122-6028,https://www.google.com/maps/place/Samira+Travel+PT+SAMIRA+ALIWISATA/data=!4m7!3m6!1s0x2e69f1b9a9f10bbb:0xf93596b5368a7fc1!8m2!3d-6.2522828!4d106.7318981!16s%2Fg%2F11rhssfq3c!19sChIJuwvxqbnxaS4RwX-KNrWWNfk?authuser=0&hl=id&rclk=1
Graha Malika Haji & Umroh,Tangerang,"4,7 bintang ",http://www.malikawisatautama.com/,0813-2388-6684,https://www.google.com/maps/place/Graha+Malika+Haji+%26+Umroh/data=!4m7!3m6!1s0x2e69f92c297666a3:0x7074dc0c76c6f77d!8m2!3d-6.1901092!4d106.6346779!16s%2Fg%2F11bwf7vzpt!19sChIJo2Z2KSz5aS4RfffGdgzcdHA?authuser=0&hl=id&rclk=1
"PT. Alhijaz Indowisata - Travel Umroh Dan Haji Akreditasi A Kemenag Dan ISO 9001 - Tangerang, Greenlake City.",Tangerang,"5,0 bintang ",https://alhijazindowisata-greenlakecity.com/,0812-9900-0902,"https://www.google.com/maps/place/PT.+Alhijaz+Indowisata+-+Travel+Umroh+Dan+Haji+Akreditasi+A+Kemenag+Dan+ISO+9001+-+Tangerang,+Greenlake+City./data=!4m7!3m6!1s0x2e69f964a4c6ce3d:0x75cb1afe658675fa!8m2!3d-6.1839125!4d106.7072486!16s%2Fg%2F11s40mvwwx!19sChIJPc7GpGT5aS4R-nWGZf4ay3U?authuser=0&hl=id&rclk=1"
Umroh Tangerang -SAMIRA ALI WISATA,Tangerang,"5,0 bintang ",TIDAK ADA WEBSITE,0813-9988-9150,https://www.google.com/maps/place/Umroh+Tangerang+-SAMIRA+ALI+WISATA/data=!4m7!3m6!1s0x2e69f9a1e188159b:0xc850789ac5935c0c!8m2!3d-6.1959244!4d106.6946253!16s%2Fg%2F11hfb2dmkp!19sChIJmxWI4aH5aS4RDFyTxZp4UMg?authuser=0&hl=id&rclk=1
PT. Tunas Rizki Semesta || Travel Umroh & Haji Plus Bekasi || Tunastours || Umroh Bekasi,Bekasi,"4,9 bintang ",https://tunastours.com/,0822-9877-7555,https://www.google.com/maps/place/PT.+Tunas+Rizki+Semesta+%7C%7C+Travel+Umroh+%26+Haji+Plus+Bekasi+%7C%7C+Tunastours+%7C%7C+Umroh+Bekasi/data=!4m7!3m6!1s0x2e698d77f793ebad:0xd248c7af42d35d50!8m2!3d-6.247663!4d106.9801899!16s%2Fg%2F11gv0nljn7!19sChIJreuT93eNaS4RUF3TQq_HSNI?authuser=0&hl=id&rclk=1
Allia Tour Travel Haji Umroh Bekasi,Bekasi,"4,8 bintang ",https://alliatour.com/,0823-2070-4600,https://www.google.com/maps/place/Allia+Tour+Travel+Haji+Umroh+Bekasi/data=!4m7!3m6!1s0x2e698d00008fd29f:0xca228080326cad9!8m2!3d-6.2522768!4d106.9526502!16s%2Fg%2F11w3j_ddj9!19sChIJn9KPAACNaS4R2comAwgoogw?authuser=0&hl=id&rclk=1
Travel Umroh Bekasi - Alifah Tour,Bekasi,"4,9 bintang ",http://www.alifahnurindo.com/,0816-1947-542,https://www.google.com/maps/place/Travel+Umroh+Bekasi+-+Alifah+Tour/data=!4m7!3m6!1s0x2e698c3aa1d4b4bb:0x19217f3b9feeab65!8m2!3d-6.2428564!4d106.9932353!16s%2Fg%2F11g03kggp5!19sChIJu7TUoTqMaS4RZavunzt_IRk?authuser=0&hl=id&rclk=1
FATHIYAH WISATA (PT. FATHIYAH KARYA MULIA),Bekasi,"4,2 bintang ",TIDAK ADA WEBSITE,0813-5678-9256,https://www.google.com/maps/place/FATHIYAH+WISATA+%28PT.+FATHIYAH+KARYA+MULIA%29/data=!4m7!3m6!1s0x2e698e7fc7c18259:0xf0c902b7d3dfefed!8m2!3d-6.2535452!4d107.008551!16s%2Fg%2F11c6c9jj13!19sChIJWYLBx3-OaS4R7e_f07cCyfA?authuser=0&hl=id&rclk=1
Rahmah Travel Umroh Cabang Kota Bekasi | PT. Rahmah Grup Internasional,Bekasi,"5,0 bintang ",https://rahmahtravel.id/,0852-8556-1752,https://www.google.com/maps/place/Rahmah+Travel+Umroh+Cabang+Kota+Bekasi+%7C+PT.+Rahmah+Grup+Internasional/data=!4m7!3m6!1s0x2e698d1d65e082f9:0x1902aa0a5123971c!8m2!3d-6.2449065!4d107.0035133!16s%2Fg%2F11x_61_j9c!19sChIJ-YLgZR2NaS4RHJcjUQqqAhk?authuser=0&hl=id&rclk=1
Neekoi Wisata,Bekasi,"4,9 bintang ",https://neekoi.com/,0812-8920-2070,https://www.google.com/maps/place/Neekoi+Wisata/data=!4m7!3m6!1s0x2e698d70632daac1:0xfe78f6ea8ac4ff8c!8m2!3d-6.2817229!4d106.9504717!16s%2Fg%2F1pzxxmlw8!19sChIJwaotY3CNaS4RjP_Eiur2eP4?authuser=0&hl=id&rclk=1
Rawda Travel Umroh Jakarta,Jabodetabek,"5,0 bintang ",http://rawdaumroh.com/,0851-7823-3738,https://www.google.com/maps/place/Rawda+Travel+Umroh+Jakarta/data=!4m7!3m6!1s0x2e69f10067533f95:0x647d05e954b7785a!8m2!3d-6.2650388!4d106.7660911!16s%2Fg%2F11n55_9spx!19sChIJlT9TZwDxaS4RWni3VOkFfWQ?authuser=0&hl=id&rclk=1
Travel Umroh Terbaik Jakarta,Jabodetabek,"4,8 bintang ",https://alhijaztour.id/,0812-8204-0667,https://www.google.com/maps/place/Travel+Umroh+Terbaik+Jakarta/data=!4m7!3m6!1s0x2e698d1cf4f60379:0x9773f950bb2aac44!8m2!3d-6.2511937!4d106.8655107!16s%2Fg%2F11h32x1ytj!19sChIJeQP29ByNaS4RRKwqu1D5c5c?authuser=0&hl=id&rclk=1
PT. AL AHRAM SARANA WISATA,Jabodetabek,"4,9 bintang ",https://www.alahramhajiumrah.com/,(021) 83700876,https://www.google.com/maps/place/PT.+AL+AHRAM+SARANA+WISATA/data=!4m7!3m6!1s0x2e69f3bd0c3327e7:0x1e47afa22d2b2526!8m2!3d-6.2384648!4d106.8508274!16s%2Fg%2F1tg8fvkp!19sChIJ5yczDL3zaS4RJiUrLaKvRx4?authuser=0&hl=id&rclk=1
Almira Travel - Travel Haji ONH Plus Jakarta - PT. Almira Berkah Abadi,Jabodetabek,"4,8 bintang ",https://www.almiratravel.com/,0811-9003-7107,https://www.google.com/maps/place/Almira+Travel+-+Travel+Haji+ONH+Plus+Jakarta+-+PT.+Almira+Berkah+Abadi/data=!4m7!3m6!1s0x2e69f398825c819f:0x1bcd398f8ccaeccf!8m2!3d-6.2511057!4d106.8430159!16s%2Fg%2F11h1z_zbcz!19sChIJn4FcgpjzaS4Rz-zKjI85zRs?authuser=0&hl=id&rclk=1
Azza.ID Travel & Tours,Jabodetabek,"4,9 bintang ",TIDAK ADA WEBSITE,0817-7088-8089,https://www.google.com/maps/place/Azza.ID+Travel+%26+Tours/data=!4m7!3m6!1s0x2e69f3d35959a46b:0x80a42697c60d4278!8m2!3d-6.2220799!4d106.8328719!16s%2Fg%2F11vb7cp4n4!19sChIJa6RZWdPzaS4ReEINxpcmpIA?authuser=0&hl=id&rclk=1
Smarts Umrah by DREAM GROUP (Travel Haji & Umrah),Jabodetabek,"4,9 bintang ",http://smartsumrah.com/,0817-5033-000,https://www.google.com/maps/place/Smarts+Umrah+by+DREAM+GROUP+%28Travel+Haji+%26+Umrah%29/data=!4m7!3m6!1s0x2e69f7a1472530a3:0x3c33bb4ad98cb83e!8m2!3d-6.224394!4d106.841848!16s%2Fg%2F11gtcwm8wr!19sChIJozAlR6H3aS4RPriM2Uq7Mzw?authuser=0&hl=id&rclk=1
